name,weight_bytes,compression_ratio,cos_sim,rel_rmse_pct,max_err,matmul_ms,tok_per_sec

name,perplexity,bits_per_token,nll_sum,n_tokens,ctx_len
FP32,15.9191,3.9927,22137.3811,7999,64
BIT1,102.6835,6.6821,37048.5782,7999,64
BIT1-A8,102.6795,6.6820,37048.2694,7999,64
BIT1-OL,93.8023,6.5516,36324.9725,7999,64
BIT1-OL-A8,93.8144,6.5517,36326.0015,7999,64

mode,overall_ppl,echo_ppl,recall_at_1,memory_bytes,dense_bytes,compression_ratio
WINDOW,58.0691,70.0473,0.0000,0,34816,1.00
MEM,49.2944,1.0000,1.0000,4096,34816,8.50

name,ppl,ppl_fp32,rank,init_scale,sweeps,train_mse,weight_bytes,fp32_bytes,compression_ratio

name,naive_mse,qat_mse,mse_ratio,ppl_naive,ppl_qat,steps

format,lr,steps,naive_mse,qat_mse,mse_ratio,ppl_naive,ppl_qat,train_mse_start,train_mse_end
